Fecha,Hora,Red,Pilar,Imagen,Texto
2026-09-14,12:00,Facebook,XV años,anuncios-listos/xv-feed.png,"Tus XV años, tal como los imaginaste ✨👑 Jardines, piscina y espacios únicos para que tu quinceañera sea el evento del año. En Quinta La Dorada creamos el escenario perfecto para tus fotos y tu fiesta 📸💕

📲 Consulta disponibilidad por WhatsApp: 0939680359

#QuintaLaDorada #SalonDeEventos #Esmeraldas #EsmeraldasEcuador #XVAños #Quinceañera #EventosSociales #FiestaInolvidable"
2026-09-14,12:00,Instagram,XV años,anuncios-listos/xv-feed.png,"Tus XV años, tal como los imaginaste ✨👑 Jardines, piscina y espacios únicos para que tu quinceañera sea el evento del año. En Quinta La Dorada creamos el escenario perfecto para tus fotos y tu fiesta 📸💕

📲 Consulta disponibilidad por WhatsApp: 0939680359

#QuintaLaDorada #SalonDeEventos #Esmeraldas #EsmeraldasEcuador #XVAños #Quinceañera #EventosSociales #FiestaInolvidable"
2026-09-14,19:00,TikTok,XV años,anuncios-listos/xv-story.png,"Tus XV años 👑✨ en el lugar más lindo de Esmeraldas 📍 Piscina + jardines = fotos perfectas 📸 Escríbenos por WhatsApp y aparta tu fecha 💬
#QuintaLaDorada #XV #Quinceañera #ParaTi #Esmeraldas #Ecuador"
2026-09-16,12:00,Facebook,XV años,anuncios-listos/xv-feed.png,"3 razones para celebrar tus XV en Quinta La Dorada 🌿
1️⃣ Jardines amplios para tu sesión de fotos
2️⃣ Piscina con cascada, un plus inolvidable
3️⃣ Tú solo te preocupas de disfrutar 🥂

Escríbenos y conoce el lugar 📲 0939680359

#QuintaLaDorada #Quinceañera #XVAños #Esmeraldas #SalonDeFiestas"
2026-09-16,12:00,Instagram,XV años,anuncios-listos/xv-feed.png,"3 razones para celebrar tus XV en Quinta La Dorada 🌿
1️⃣ Jardines amplios para tu sesión de fotos
2️⃣ Piscina con cascada, un plus inolvidable
3️⃣ Tú solo te preocupas de disfrutar 🥂

Escríbenos y conoce el lugar 📲 0939680359

#QuintaLaDorada #Quinceañera #XVAños #Esmeraldas #SalonDeFiestas"
2026-09-16,19:00,TikTok,XV años,anuncios-listos/xv-story.png,"3 razones para tus XV aquí 👇✨ piscina 🏊‍♀️ jardines 🌿 y el ambiente más lindo para tus fotos 📸
#QuintaLaDorada #XVAños #ParaTi #Esmeraldas"
2026-09-18,18:00,Facebook,XV años,anuncios-listos/xv-story.png,"Las mejores fechas para XV años se reservan con meses de anticipación 📅 Si ya tienes la fecha en mente, este es el momento de asegurarla ✨

Reserva tu fecha antes de que se agote 👉 WhatsApp 0939680359

#QuintaLaDorada #XVAños #Quinceañera #Esmeraldas #EventosEsmeraldas"
2026-09-18,18:00,Instagram,XV años,anuncios-listos/xv-story.png,"Las mejores fechas para XV años se reservan con meses de anticipación 📅 Si ya tienes la fecha en mente, este es el momento de asegurarla ✨

Reserva tu fecha antes de que se agote 👉 WhatsApp 0939680359

#QuintaLaDorada #XVAños #Quinceañera #Esmeraldas #EventosEsmeraldas"
2026-09-18,19:00,TikTok,XV años,anuncios-listos/xv-story.png,"⏳ Las fechas para XV se agotan rápido... ¿ya tienes la tuya? 👑 Escríbenos antes que se acabe tu mes favorito 💬
#QuintaLaDorada #XV #Quinceañera #Esmeraldas #ParaTi"
2026-09-21,12:00,Facebook,Bodas,anuncios-listos/bodas-feed.png,"El sí, rodeado de naturaleza 🌿💛 Jardines, piscina y ambientes únicos para la boda que siempre soñaste. En Quinta La Dorada, cada rincón está listo para tu gran día 💍

📲 Agenda una visita por WhatsApp: 0939680359

#QuintaLaDorada #Bodas #BodaEnEcuador #Esmeraldas #EsmeraldasEcuador #SalonDeEventos #TuEventoSoñado"
2026-09-21,12:00,Instagram,Bodas,anuncios-listos/bodas-feed.png,"El sí, rodeado de naturaleza 🌿💛 Jardines, piscina y ambientes únicos para la boda que siempre soñaste. En Quinta La Dorada, cada rincón está listo para tu gran día 💍

📲 Agenda una visita por WhatsApp: 0939680359

#QuintaLaDorada #Bodas #BodaEnEcuador #Esmeraldas #EsmeraldasEcuador #SalonDeEventos #TuEventoSoñado"
2026-09-21,19:00,TikTok,Bodas,anuncios-listos/bodas-story.png,"El sí, en el lugar más lindo 💍🌿 jardines + piscina + atardecer = 🥹✨
#QuintaLaDorada #Bodas #BodaEnEcuador #Esmeraldas #ParaTi"
2026-09-23,12:00,Facebook,Bodas,anuncios-listos/bodas-feed.png,"Un lugar, mil recuerdos para toda la vida ✨ Desde la ceremonia hasta la fiesta, Quinta La Dorada tiene el espacio para cada momento de tu boda.

Cuéntanos tu idea 📲 0939680359

#QuintaLaDorada #Bodas #BodaEnEcuador #Esmeraldas #SalonDeEventos"
2026-09-23,12:00,Instagram,Bodas,anuncios-listos/bodas-feed.png,"Un lugar, mil recuerdos para toda la vida ✨ Desde la ceremonia hasta la fiesta, Quinta La Dorada tiene el espacio para cada momento de tu boda.

Cuéntanos tu idea 📲 0939680359

#QuintaLaDorada #Bodas #BodaEnEcuador #Esmeraldas #SalonDeEventos"
2026-09-23,19:00,TikTok,Bodas,anuncios-listos/bodas-story.png,"De la ceremonia a la fiesta, todo en un solo lugar 💍🥂
#QuintaLaDorada #Bodas #Esmeraldas #ParaTi"
2026-09-25,18:00,Facebook,Bodas,anuncios-listos/bodas-story.png,"Las fechas de temporada alta para bodas se agendan rápido 💍 Si ya eligieron el mes, no lo dejen para después.

Escríbenos y agenda una visita 📲 0939680359

#QuintaLaDorada #Bodas #BodaEnEcuador #Esmeraldas #EventosEsmeraldas"
2026-09-25,18:00,Instagram,Bodas,anuncios-listos/bodas-story.png,"Las fechas de temporada alta para bodas se agendan rápido 💍 Si ya eligieron el mes, no lo dejen para después.

Escríbenos y agenda una visita 📲 0939680359

#QuintaLaDorada #Bodas #BodaEnEcuador #Esmeraldas #EventosEsmeraldas"
2026-09-25,19:00,TikTok,Bodas,anuncios-listos/bodas-story.png,"⏳ Temporada de bodas = fechas que vuelan 💍 Aparta la tuya antes que se agote
#QuintaLaDorada #Bodas #Esmeraldas #ParaTi"
2026-09-28,12:00,Facebook,Cumpleaños,anuncios-listos/cumple-feed.png,"Celebra tu cumpleaños a lo grande 🎉🎂 Piscina, cascada y jardines para una fiesta que tus invitados no van a olvidar. Para niños, adultos o toda la familia 🥳

📲 Consulta disponibilidad: 0939680359

#QuintaLaDorada #Cumpleaños #FiestaInfantil #Esmeraldas #EsmeraldasEcuador #SalonDeFiestas"
2026-09-28,12:00,Instagram,Cumpleaños,anuncios-listos/cumple-feed.png,"Celebra tu cumpleaños a lo grande 🎉🎂 Piscina, cascada y jardines para una fiesta que tus invitados no van a olvidar. Para niños, adultos o toda la familia 🥳

📲 Consulta disponibilidad: 0939680359

#QuintaLaDorada #Cumpleaños #FiestaInfantil #Esmeraldas #EsmeraldasEcuador #SalonDeFiestas"
2026-09-28,19:00,TikTok,Cumpleaños,anuncios-listos/cumple-story.png,"Cumpleaños con piscina y cascada 🎉🏊‍♂️ ¿lo mejor? hay espacio para toda la familia 🥳
#QuintaLaDorada #Cumpleaños #Esmeraldas #ParaTi"
2026-09-30,12:00,Facebook,Cumpleaños,anuncios-listos/cumple-feed.png,"¿Buscas un lugar diferente para el cumpleaños? 🎂 Cancha deportiva, piscina con cascada y jardines para que grandes y chicos disfruten todo el día.

Escríbenos por WhatsApp 📲 0939680359

#QuintaLaDorada #Cumpleaños #FiestaInfantil #Esmeraldas #SalonDeEventos"
2026-09-30,12:00,Instagram,Cumpleaños,anuncios-listos/cumple-feed.png,"¿Buscas un lugar diferente para el cumpleaños? 🎂 Cancha deportiva, piscina con cascada y jardines para que grandes y chicos disfruten todo el día.

Escríbenos por WhatsApp 📲 0939680359

#QuintaLaDorada #Cumpleaños #FiestaInfantil #Esmeraldas #SalonDeEventos"
2026-09-30,19:00,TikTok,Cumpleaños,anuncios-listos/cumple-story.png,"Cancha + piscina + jardines = el cumple perfecto 🎈🎂
#QuintaLaDorada #Cumpleaños #Esmeraldas #ParaTi"
2026-10-02,18:00,Facebook,Cumpleaños,anuncios-listos/cumple-story.png,"El lugar ideal para la fiesta que todos van a recordar está a un mensaje de distancia 🎈 Quedan pocas fechas disponibles este mes.

Reserva ahora 👉 WhatsApp 0939680359

#QuintaLaDorada #Cumpleaños #Esmeraldas #EventosEsmeraldas #FiestaInolvidable"
2026-10-02,18:00,Instagram,Cumpleaños,anuncios-listos/cumple-story.png,"El lugar ideal para la fiesta que todos van a recordar está a un mensaje de distancia 🎈 Quedan pocas fechas disponibles este mes.

Reserva ahora 👉 WhatsApp 0939680359

#QuintaLaDorada #Cumpleaños #Esmeraldas #EventosEsmeraldas #FiestaInolvidable"
2026-10-02,19:00,TikTok,Cumpleaños,anuncios-listos/cumple-story.png,"🎈 Quedan pocas fechas este mes para tu cumple soñado... ¡escríbenos ya!
#QuintaLaDorada #Cumpleaños #Esmeraldas #ParaTi"
2026-10-05,12:00,Facebook,Corporativo,anuncios-listos/corporativo-feed.png,"Eventos corporativos con otro nivel 💼 Espacios amplios, naturaleza y servicio personalizado para capacitaciones, lanzamientos o integración de equipo. Cambia la sala de siempre por un entorno que inspira 🌿

📲 Cotiza tu evento: 0939680359

#QuintaLaDorada #EventosCorporativos #EventosEmpresariales #Esmeraldas #EsmeraldasEcuador #SalonDeEventos"
2026-10-05,12:00,Instagram,Corporativo,anuncios-listos/corporativo-feed.png,"Eventos corporativos con otro nivel 💼 Espacios amplios, naturaleza y servicio personalizado para capacitaciones, lanzamientos o integración de equipo. Cambia la sala de siempre por un entorno que inspira 🌿

📲 Cotiza tu evento: 0939680359

#QuintaLaDorada #EventosCorporativos #EventosEmpresariales #Esmeraldas #EsmeraldasEcuador #SalonDeEventos"
2026-10-05,19:00,TikTok,Corporativo,anuncios-listos/corporativo-story.png,"Tu evento de empresa, fuera de la oficina 💼🌿 espacio + naturaleza = otro nivel
#QuintaLaDorada #EventosCorporativos #Esmeraldas #ParaTi"
2026-10-07,12:00,Facebook,Corporativo,anuncios-listos/corporativo-feed.png,"Tu próximo evento de empresa, fuera de la oficina 🌿 Espacio y todo lo necesario para que tu equipo se sienta cómodo — desde una capacitación hasta una celebración de fin de año.

Conversemos los detalles 📲 0939680359

#QuintaLaDorada #EventosCorporativos #EventosEmpresariales #Esmeraldas #SalonDeEventos"
2026-10-07,12:00,Instagram,Corporativo,anuncios-listos/corporativo-feed.png,"Tu próximo evento de empresa, fuera de la oficina 🌿 Espacio y todo lo necesario para que tu equipo se sienta cómodo — desde una capacitación hasta una celebración de fin de año.

Conversemos los detalles 📲 0939680359

#QuintaLaDorada #EventosCorporativos #EventosEmpresariales #Esmeraldas #SalonDeEventos"
2026-10-07,19:00,TikTok,Corporativo,anuncios-listos/corporativo-story.png,"De capacitación a celebración de fin de año, todo aquí 💼🎊
#QuintaLaDorada #EventosCorporativos #Esmeraldas #ParaTi"
2026-10-09,18:00,Facebook,Corporativo,anuncios-listos/corporativo-story.png,"Planifica con tiempo el evento de tu empresa y asegura el espacio ideal 📅 Agenda disponible por orden de reserva.

Escríbenos ahora 👉 WhatsApp 0939680359

#QuintaLaDorada #EventosCorporativos #Esmeraldas #EventosEmpresariales"
2026-10-09,18:00,Instagram,Corporativo,anuncios-listos/corporativo-story.png,"Planifica con tiempo el evento de tu empresa y asegura el espacio ideal 📅 Agenda disponible por orden de reserva.

Escríbenos ahora 👉 WhatsApp 0939680359

#QuintaLaDorada #EventosCorporativos #Esmeraldas #EventosEmpresariales"
2026-10-09,19:00,TikTok,Corporativo,anuncios-listos/corporativo-story.png,"📅 Agenda por orden de reserva... ¡cotiza ya el evento de tu empresa!
#QuintaLaDorada #EventosCorporativos #Esmeraldas #ParaTi"
